gene_name,padj_original,log2FoldChange_original
C13orf15,2.5e-13,-4.717612783706911
LOC100507632,9.3e-08,-3.015232635457933
PLXNA4,0.00017,-4.270377321031332
CTPS,0.0014,-2.250604263786783
GALNTL2,0.0036,-2.2650312141956728
C3orf64,0.0058,-1.817795751520094
C5orf62,0.0062,-1.832222701928984
ODZ4,0.0087,2.063053908471218
POTEE,0.016,-1.9476383052001007
LOC148145,0.024,6.30457732868477
RN5-8S1,0.024,5.886195766826971
KLHDC5,0.045,-1.5292567433423014
